<?xml version="1.0" encoding="UTF-8"?><rss version="2.0"
	xmlns:content="http://purl.org/rss/1.0/modules/content/"
	xmlns:wfw="http://wellformedweb.org/CommentAPI/"
	xmlns:dc="http://purl.org/dc/elements/1.1/"
	xmlns:atom="http://www.w3.org/2005/Atom"
	xmlns:sy="http://purl.org/rss/1.0/modules/syndication/"
	xmlns:slash="http://purl.org/rss/1.0/modules/slash/"
	>

<channel>
	<title>Meu Site</title>
	<atom:link href="./index.html" rel="self" type="application/rss+xml" />
	<link>./../index.html</link>
	<description></description>
	<lastBuildDate>Sat, 07 Sep 2024 14:09:22 +0000</lastBuildDate>
	<language>pt-BR</language>
	<sy:updatePeriod>
	hourly	</sy:updatePeriod>
	<sy:updateFrequency>
	1	</sy:updateFrequency>
	<generator>https://wordpress.org/?v=6.6.1</generator>
	<item>
		<title>Olá, mundo!</title>
		<link>./../2024/09/07/ola-mundo/index.html</link>
					<comments>./../2024/09/07/ola-mundo/index.html#comments</comments>
		
		<dc:creator><![CDATA[admin]]></dc:creator>
		<pubDate>Sat, 07 Sep 2024 14:09:22 +0000</pubDate>
				<category><![CDATA[Sem categoria]]></category>
		<guid isPermaLink="false">./../index.html?p=1</guid>

					<description><![CDATA[Boas-vindas ao WordPress. Esse é o seu primeiro post. Edite-o ou exclua-o, e então comece a escrever!]]></description>
										<content:encoded><![CDATA[
<p>Boas-vindas ao WordPress. Esse é o seu primeiro post. Edite-o ou exclua-o, e então comece a escrever!</p>
]]></content:encoded>
					
					<wfw:commentRss>./../2024/09/07/ola-mundo/feed/index.html</wfw:commentRss>
			<slash:comments>1</slash:comments>
		
		
			</item>
	</channel>
</rss>
